memory_level,instances,mean_makespan,median_makespan,mean_actions,mean_moves,mean_offloads,mean_travel_time,mean_stationary_time
low,15,60.266666666666666,65.0,35.2,25.2,5.0,50.4,9.866666666666667
medium,15,49.266666666666666,38.0,30.933333333333334,20.933333333333334,5.0,41.86666666666667,7.4
high,15,47.266666666666666,39.0,30.0,20.0,5.0,40.0,7.266666666666667
