status_60s,instances,mean_runtime_60s,median_runtime_60s,maximum_runtime_60s
solved,66,0.6961536818181818,0.6276744999999999,1.36492
unsolvable,62,4.9336162258064515,1.001372,57.187184
timeout,7,60.167120857142855,60.164738,60.188973
