dataset_count,instances,mean_runtime_60s,median_runtime_60s,p90_runtime_60s,maximum_runtime_60s
3,45,0.4916751111111111,0.490251,0.5143328,0.542665
5,45,1.0318045333333334,0.74505,1.8729738000000002,3.27406
7,45,15.654302466666667,5.918329,60.158454,60.188973
